{"apy": {"day": {"compound": 0.02954297423362373, "usdt": 0.09504185477159588, "y": 0.048709480292228546, "busd": 0.043218590385619926, "susd": 0.022184882373352144, "pax": 0.020512320284729046, "ren2": 0.001890966208741185, "rens": 0.00865449994402101, "hbtc": 0.0008311553269473304, "3pool": 0.006881365097090919, "gusd": 0.005826431404058585, "husd": 0.0033844206806059596, "usdn": 0.010974978796494783, "usdk": 0.004815680337721728, "linkusd": 0.004043075898624293, "musd": 0.0038010461716322386, "rsv": 0.0031340884650810086, "tbtc": 0.00853592983859719, "dusd": 0.0034335397234535048, "pbtc": 0.004707556803314805, "bbtc": 0.011539875326586735, "obtc": 0.00732825589278896, "ust": 0.04576442090206623, "eurs": 0.004083734277971596, "seth": 0.006122590444788134, "aave": 0.03152594410046561, "idle": 0.042616956737398626, "steth": 0.03484605546057562, "saave": 0.0382045536587976, "ankreth": 0.016750575901015807, "ib": 0.08964990481661506, "link": 0.0007580492012799755, "usdp": 0.00731481223701369, "tusd": 0.005686530959192249, "frax": 0.004102721850273827, "lusd": 0.014003982934022385, "busdv2": 0.008201099477127327, "alusd": 0.0064678031771718825, "reth": 0.018781093112299807}, "week": {"compound": 0.0423077706504591, "usdt": 0.08410802235317916, "y": 0.08534964338751716, "busd": 0.07550145758320759, "susd": 0.0485661547782299, "pax": 0.028274542394004953, "ren2": 0.00846568104424028, "rens": 0.008521346170654365, "hbtc": 0.003154983049403315, "3pool": 0.02038509032022029, "gusd": 0.019320880936382956, "husd": 0.010374352463568215, "usdn": 0.07007538671344449, "usdk": 0.014579549058137076, "linkusd": 0.01194340524520654, "musd": 0.023599064169092854, "rsv": 0.012970306606542303, "tbtc": 0.008039574168130947, "dusd": 0.011693647369027671, "pbtc": 0.027542633933765215, "bbtc": 0.01579734588503312, "obtc": 0.005490475819543983, "ust": 0.057046599795210984, "eurs": 0.003953653486533204, "seth": 0.006071649423907477, "aave": 0.06708743987990995, "idle": 0.07356980700127802, "steth": 0.03680138296004043, "saave": 0.07332525905319831, "ankreth": 0.015878467287415488, "ib": 0.09243025149052819, "link": 0.000601725879586068, "usdp": 0.017498135329439224, "tusd": 0.01683934793808084, "frax": 0.01569909425863525, "lusd": 0.02816263033340105, "busdv2": 0.026055349737269307, "alusd": 0.019352715709742174, "reth": 0}, "month": {"compound": 0.04655875493073358, "usdt": 0.05225407425820783, "y": 0.09041723836294135, "busd": 0.09453968633217569, "susd": 0.025522194757386485, "pax": 0.01659769950937684, "ren2": 0.005077806506308624, "rens": 0.00506692997417435, "hbtc": 0.0027909552207765476, "3pool": 0.012589054936437805, "gusd": 0.012245167668600176, "husd": 0.009564624757580242, "usdn": 0.04568434018495027, "usdk": 0.4595888781251607, "linkusd": 0.007442299148538778, "musd": 0.014178903558622613, "rsv": 0.008920035973287499, "tbtc": 0.00519187139276811, "dusd": 0.010413173128541064, "pbtc": 0.012323403540799083, "bbtc": 0.013223784521541715, "obtc": 0.004110596965566371, "ust": 0.037676682135420636, "eurs": 0.0034358909448133357, "seth": 0.0026995966535272586, "aave": 0.08539875815874498, "idle": 0.07226839590034895, "steth": 0.03615682199437953, "saave": 0.0863145437501931, "ankreth": 0.017466054601773084, "ib": 0.06723903322144253, "link": 0.0006932483649266796, "usdp": 0.00970171255424268, "tusd": 0.009421516873267866, "frax": 0.014126126429467645, "lusd": 0.020643202761875923, "busdv2": 0.015431433686305285, "alusd": 0.011727449031100345, "reth": 0}, "total": {"compound": 0.06120251949047262, "usdt": 0.06138861152517894, "y": 0.08411145986710067, "busd": 0.09124455539220167, "susd": 0.035680912382890284, "pax": 0.03283626675014095, "ren2": 0.016837050172137102, "rens": 0.0083761828420712, "hbtc": 0.008658293812267903, "3pool": 0.023965500339162116, "gusd": 0.02674569129125226, "husd": 0.020264556389574695, "usdn": 0.04435318958363821, "usdk": 1.8263605852142417, "linkusd": 0.01378586347301769, "musd": 0.01927237663457282, "rsv": 0.021078907028904137, "tbtc": 0.0031577110980001155, "dusd": 0.01863394333799473, "pbtc": 0.007886845085275151, "bbtc": 0.011129509499130608, "obtc": 0.005675544585693748, "ust": 0.039827522822762695, "eurs": 0.004851102246344663, "seth": 0.011161928104147734, "aave": 0.13417847206768752, "idle": 0.0958504025074347, "steth": 0.034131325904102505, "saave": 0.11146942215876732, "ankreth": 0.0584431173529838, "ib": 0.06718814612674029, "link": 0.0030696047521303615, "usdp": 0.013056353577264312, "tusd": 0.011939767442348037, "frax": 0.017011190042673485, "lusd": 0.022409288519457116, "busdv2": 0.018718342814290967, "alusd": 0.021349545510316092, "reth": 0.013003786941594653}}, "volume": {"alusd": 15296729.638599424, "susd": 67456617.3605234, "ren2": 113.43884966000002, "3pool": 63494114.86755314, "steth": 763.6585831916767, "ib": 4504186.080220815, "usdn": 8852041.15318935, "lusd": 18485532.874007493, "aave": 3277252.279604305, "seth": 23516.481664646086, "rens": 514.1770694656244, "ust": 29291886.337224476, "gusd": 1806674.9574836425, "y": 4626253.802263593, "usdp": 10263009.157564903, "usdt": 1277579.6964318154, "busdv2": 1713294.228255585, "frax": 707863.1909561377, "hbtc": 36.25964939479503, "bbtc": 22.906050875, "obtc": 29.925069264331512, "tbtc": 38.4891933368461, "busd": 5293666.921954977, "ankreth": 316.53666461690597, "reth": 9.263556777236873, "pax": 1780702.3080809098, "tusd": 1226173.0349319195, "eurs": 180019.01431248864, "compound": 2063250.2105298636, "pbtc": 0.3692126185250371, "saave": 3496594.5605609473, "dusd": 13125.886881277162, "link": 4981.73382895738}}